id,sentence,category,relevance
1,"The quick brown fox jumps over the lazy dog, demonstrating the use of every letter in the English alphabet.",Typing Practice,"1,2"
2,"It was a dark and stormy night; the rain fell in torrents, except at occasional intervals, when it was checked by a violent gust of wind which swept up the streets, rattling along the housetops, and fiercely agitating the scanty flame of the lamps that struggled against the darkness.","Opening line of a novel (from ""Paul Clifford"" by Edward Bulwer-Lytton)","3,4"
3,"The complicated rules and procedures of parliamentary systems can make it difficult for the average citizen to understand how their government works, leading to feelings of disconnection and disengagement from the political process.",Civics and Government,"5,6"
4,"Despite the challenges posed by climate change and economic inequality, there is reason for optimism when we consider the many individuals and organizations around the world working to create a more just and sustainable future.",Social and Environmental Issues,"1,2,3,4"
5,"As I walked through the bustling streets of Tokyo, the sights and sounds of the city filled me with a sense of excitement and wonder, and I couldn't help but feel grateful for the opportunity to explore this vibrant and fascinating place.",Travel and Culture,"3,4,5,6"
6,"Despite her initial reluctance, she eventually agreed to take the job, recognizing that it could be a valuable learning experience.",Career and Employment,"1,2,3,4,5,6"
7,"As the sun set over the rolling hills, the sky turned shades of orange and pink, casting a warm glow over the landscape and filling me with a sense of peace and contentment.",Nature and Beauty,"1,2"
8,"With its soaring melodies and intricate harmonies, classical music has the power to transport listeners to another world, evoking a range of emotions from joy and awe to sadness and introspection.",Arts and Culture,"3,4"
9,"The development of technology has revolutionized the way we live our lives, but it has also raised important ethical questions about privacy, security, and the impact of automation on the workforce.",Science and Technology,"5,6"
10,"As we stood on the mountaintop, gazing out at the breathtaking vista before us, I couldn't help but feel grateful for the opportunity to witness the beauty and majesty of nature.",Travel and Adventure,"1,2,3,4"
11,"The history of humanity is filled with both triumphs and tragedies, from the great achievements of science and art to the horrors of war and oppression.",History and Society,"3,4,5,6"
12,"Whether you're a seasoned chef or a novice in the kitchen, there's nothing quite like the satisfaction of preparing a delicious meal from scratch and sharing it with loved ones.",Food and Cooking,"1,2,3,4,5,6"
13,"In an age of information overload, it can be difficult to separate fact from fiction and make informed decisions about the issues that affect our lives and communities.",Media and Information,"1,2"
14,"The joy of reading a good book lies not just in the story itself, but in the sense of escape and discovery that it provides, allowing us to explore new worlds and perspectives from the comfort of our own homes.",Literature and Reading,"3,4"
15,"Whether it's through music, art, literature, or other creative pursuits, the human impulse to express ourselves and share our experiences with others is a fundamental part of what makes us human.",Creativity and Expression,"5,6"
16,"The laughter of children playing in the park filled the air, reminding me of the simple joys of life that can be found in the company of others.",Happiness and Joy,"1,2,3,4"
17,"The study of philosophy can help us better understand ourselves and the world around us, asking important questions about existence, ethics, and the meaning of life.",Philosophy and Thought,"3,4,5,6"
18,"Despite the many challenges that come with starting a new business, the rewards of entrepreneurship can be great, both financially and personally.",Business and Entrepreneurship,"1,2,3,4,5,6"
19,"From the soaring spires of Gothic cathedrals to the sleek lines of modern skyscrapers, architecture has the power to inspire and amaze us with its creativity and beauty.",Art and Design,"1,2"
20,"The vastness of the universe and the mysteries of space continue to fascinate us, inspiring exploration and discovery in fields like astronomy and astrophysics.",Science and Space,"3,4"
21,"Whether it's through travel, volunteering, or simply learning something new, the pursuit of new experiences can help us grow and expand our horizons.",Personal Growth and Development,"5,6"
22,"The history of art is a rich tapestry of styles and movements, from the realism of the Renaissance to the abstraction of modernism, each with its own unique vision and philosophy.",Art History and Criticism,"1,2,3,4"
23,"In the face of adversity and hardship, human resilience and strength can shine through, reminding us of the power of the human spirit to overcome even the most difficult of challenges.",Resilience and Courage,"3,4,5,6"
24,"The world of fashion is constantly evolving, with new trends and styles emerging each season, reflecting the changing tastes and attitudes of society as a whole.",Fashion and Style,"1,2,3,4,5,6"
25,"The beauty of mathematics lies not just in its practical applications, but in its elegance and simplicity, revealing the hidden patterns and structures that underlie the natural world.",Mathematics and Logic,"1,2"
26,"Whether it's through music, dance, or visual art, the creative expression of the human spirit has the power to move and inspire us, connecting us to something greater than ourselves.",Creativity and Inspiration,"3,4"
27,"From the mighty rivers of the Amazon to the frozen wastelands of Antarctica, the diversity of the natural world never ceases to amaze us with its complexity and wonder.",Nature and Geography,"5,6"
28,"The study of psychology can help us better understand the workings of the human mind and behavior, from the mysteries of consciousness to the intricacies of social interaction.",Psychology and Behavior,"1,2,3,4"
29,"Whether it's a well-crafted novel or a thought-provoking work of non-fiction, the written word has the power to inform, entertain, and inspire us in countless ways.",Writing and Literature,"3,4,5,6"
30,"The development of modern technology has transformed the way we communicate and interact with each other, opening up new possibilities for connection and collaboration.",Technology and Communication,"1,2,3,4,5,6"
31,"From the beauty of a snow-capped mountain to the serenity of a tranquil forest, nature has the power to heal and rejuvenate us, reminding us of the importance of taking time to connect with the natural world around us.",Health and Wellness,"1,2"
32,"The study of history allows us to learn from the successes and failures of the past, helping us to create a better future for ourselves and those around us.",History and Progress,"3,4"
33,"The field of genetics holds the key to unlocking the mysteries of life itself, with the study of DNA and genes providing insights into everything from disease to evolution.",Science and Genetics,"5,6"
34,"From the majesty of a soaring eagle to the grace of a leaping dolphin, the diversity of the animal kingdom is a constant source of wonder and inspiration.",Nature and Animals,"1,2,3,4"
35,"The study of philosophy and ethics can help us develop a deeper understanding of what it means to be a moral and ethical person, guiding us towards making better decisions and living a more fulfilling life.",Philosophy and Ethics,"3,4,5,6"
36,"Whether it's the adrenaline rush of extreme sports or the serenity of yoga and meditation, physical activity is an essential part of maintaining good health and wellbeing.",Health and Fitness,"1,2,3,4,5,6"
37,"The world of fashion is constantly changing and evolving, reflecting the ever-changing tastes and attitudes of society as a whole, from haute couture to streetwear.",Fashion and Style,"1,2"
38,"The study of economics is essential for understanding the complex workings of the modern world, from the forces of supply and demand to the intricacies of international trade.",Economics and Business,"3,4"
39,"The study of literature and the humanities allows us to explore the deepest truths and emotions of the human experience, from love and loss to joy and hope.",Literature and Humanities,"5,6"
40,"From the soaring peaks of the Himalayas to the vast expanse of the Sahara, the diversity of the world's geography is a constant source of awe and wonder.",Geography and Travel,"1,2,3,4"
41,"The study of linguistics and language allows us to explore the intricacies and complexities of human communication, from the structure of language to the psychology of language acquisition.",Linguistics and Language,"3,4,5,6"
42,"From the earliest cave paintings to the latest digital creations, art has been an essential part of human expression and culture, reflecting the beauty and complexity of the world around us.",Art and Culture,"1,2,3,4,5,6"
43,"The study of philosophy and religion can help us explore the deepest questions of human existence, from the nature of God to the meaning of life itself.",Philosophy and Religion,"1,2"
44,"Whether it's through the power of film, television, or other forms of media, storytelling has the ability to entertain, educate, and inspire us in countless ways.",Film and Media,"3,4"
45,"The world of science fiction and fantasy allows us to explore new worlds and new ideas, pushing the boundaries of what is possible and challenging our imaginations in new and exciting ways.",Science Fiction and Fantasy,"5,6"
46,"Whether it's through the power of art, music, or dance, creative expression allows us to explore the deepest emotions and truths of the human experience, connecting us to something greater than ourselves.",Creativity and Expression,"1,2,3,4"
47,"The world of technology is constantly evolving, with new innovations and breakthroughs emerging every day, from artificial intelligence to virtual reality.",Technology and Innovation,"3,4,5,6"
48,"From the beauty of a sunset to the majesty of a thunderstorm, the natural world is a constant source of inspiration and wonder, reminding us of the power and beauty of the world around us.",Nature and Beauty,"1,2,3,4,5,6"
49,"The study of history allows us to explore the complex and interconnected narratives of human civilization, from the rise and fall of empires to the struggles and triumphs of everyday people.",History and Culture,"1,2"
50,"The world of politics is constantly changing, reflecting the competing interests and ideologies of different groups and individuals, from grassroots activists to world leaders.",Politics and Society,"3,4"
51,"Whether it's through the power of poetry, prose, or drama, the world of literature has the ability to transport us to new worlds and open our minds to new perspectives.",Literature and Art,"5,6"
52,"The study of psychology and the human mind allows us to explore the deepest complexities of human thought and behavior, from the roots of mental illness to the secrets of human motivation.",Psychology and Neuroscience,"1,2,3,4"
53,"From the latest blockbuster hits to the most critically acclaimed indie films, the world of cinema has the power to entertain, educate, and inspire audiences around the world.",Film and Entertainment,"3,4,5,6"
54,"The world of education is constantly evolving, with new teaching methods and technologies emerging every day, from online learning to flipped classrooms.",Education and Learning,"1,2,3,4,5,6"
55,"The study of mathematics and the sciences provides us with a deep understanding of the physical world around us, from the laws of physics to the mysteries of the universe itself.",Mathematics and Science,"1,2"
56,"Whether it's through the power of art, music, or literature, creativity allows us to express ourselves in new and exciting ways, connecting us to something greater than ourselves.",Creativity and Expression,"3,4"
57,"The world of sports and athletics is a constant source of inspiration and competition, pushing individuals and teams to new heights of excellence and achievement.",Sports and Athletics,"5,6"
58,"From the beauty of a well-designed building to the functionality of a well-engineered machine, the world of design and engineering is a testament to human creativity and ingenuity.",Design and Engineering,"1,2,3,4"
59,"The world of social media and technology has fundamentally transformed the way we communicate and interact with one another, connecting us in new and unprecedented ways.",Technology and Social Media,"3,4,5,6"
60,"Whether it's through the power of film, music, or literature, the world of the arts has the ability to shape our perceptions of the world around us, inspiring us to think and act in new and different ways.",Arts and Culture,"1,2,3,4,5,6"
61,"The world of business and finance is a complex and ever-changing landscape, reflecting the competing interests and goals of individuals and organizations around the world.",Business and Finance,"1,2"
62,"The study of philosophy and logic provides us with a deep understanding of the principles of reason and argumentation, guiding us towards making better decisions and constructing more persuasive arguments.",Philosophy and Logic,"3,4"
63,"From the beauty of a well-written poem to the intricacies of a well-crafted novel, the world of literature is a testament to the power of language and storytelling.",Literature and Writing,"5,6"
64,"The world of medicine and healthcare is constantly evolving, with new breakthroughs and technologies emerging every day, from personalized medicine to gene therapy.",Medicine and Healthcare,"1,2,3,4"
65,"Whether it's through the power of words or the beauty of imagery, the world of advertising and marketing has the ability to shape our perceptions of the world around us, influencing our behavior and choices in countless ways.",Advertising and Marketing,"3,4,5,6"
66,"The study of history and anthropology allows us to explore the rich and diverse narratives of human culture and civilization, from the earliest civilizations to the present day.",History and Anthropology,"1,2,3,4,5,6"
