id","idiom","meaning","example","relevance"
1,"Break the ice","To start a conversation or make a situation more comfortable.","Sarah used a joke to break the ice when she met her new classmates for the first time.","1,2"
2,"Bite the bullet","To endure a painful or difficult situation.","Despite feeling scared, Jack decided to bite the bullet and confront his fear of heights by climbing the ladder.","3,4"
3,"Cat got your tongue?","Asking someone why they are not speaking or responding.","When Tim refused to answer his teacher's question in class, she asked him if the cat got his tongue.","5,6"
4,"Hit the nail on the head","To be exactly right or accurate.","Jenny's explanation for the math problem was spot-on. She really hit the nail on the head!","1,2,3,4"
5,"Piece of cake","Something that is very easy or simple.","Sarah found the puzzle to be a piece of cake and solved it within minutes.","3,4,5,6"
6,"Let the cat out of the bag","To reveal a secret or surprise prematurely.","Jack accidentally let the cat out of the bag by telling his sister about her surprise birthday party.","1,2,3,4,5,6"
7,"A picture is worth a thousand words","An image can convey a complex idea or emotion more effectively than words.","The photograph of the sunset was breathtaking and truly captured the beauty of the moment. It was a perfect example of how a picture is worth a thousand words.","1,2"
8,"On cloud nine","To be extremely happy or euphoric.","Jenny was on cloud nine when she found out she got the lead role in the school play.","3,4"
9,"All ears","To be fully attentive and listening carefully.","When Tom's mom started telling him about the surprise she had planned, he perked up and was all ears.","5,6"
10,"Raining cats and dogs","To rain heavily or pour down.","Jack forgot his umbrella and got drenched when it started raining cats and dogs on his way home.","1,2,3,4"
11,"A penny for your thoughts","Asking someone what they are thinking or feeling.","Sarah looked lost in thought, so Jack asked her, A penny for your thoughts?","3,4,5,6"
12,"Put all your eggs in one basket","To rely solely on one thing or take a big risk.","Jenny invested all her money in one stock, but her financial advisor warned her not to put all her eggs in one basket.","1,2,3,4,5,6"
13,"Like a fish out of water","Feeling uncomfortable or out of place in a particular situation.","Tom had never been to a fancy restaurant before and felt like a fish out of water among the elegant diners.","1,2"
14,"A watched pot never boils","Time seems to pass slowly when you are eagerly waiting for something.","Jack kept checking the oven every few minutes, but his mom reminded him that a watched pot never boils.","3,4"
15,"Two heads are better than one","Collaborating or working together can lead to better results.","Jenny and Sarah teamed up to solve the challenging puzzle, knowing that two heads are better than one.","5,6"
16,"Out of the frying pan and into the fire","Escaping from one problem only to encounter another.","Tim got out of trouble with his teacher, but then he got scolded by his mom for coming home late. He felt like he jumped out of the frying pan and into the fire.","1,2,3,4"
17,"The ball is in your court","It's your turn to take action or make a decision.","Tom's teacher gave him the options for his science project and told him that the ball is in his court to choose the topic he is interested in.","3,4,5,6"
18,"Burning the midnight oil","Staying up late to work or study.","Jack had a big exam the next day, so he was burning the midnight oil, studying until late at night.","1,2,3,4,5,6"
19,"A bird in the hand is worth two in the bush","It's better to hold onto something you have for sure rather than risk losing it by trying to get something else.","Sarah decided to accept the job offer she had rather than quitting in hopes of finding a better one, understanding that a bird in the hand is worth two in the bush.","1,2"
20,"Jump on the bandwagon","To follow a popular trend or join a popular activity.","Jenny's friends were all into a new dance craze, so she decided to jump on the bandwagon and learn the dance too.","3,4"
21,"A rolling stone gathers no moss","Someone who is always on the move and active avoids accumulating problems or responsibilities.","Tom loves traveling and exploring new places. He believes that a rolling stone gathers no moss and enjoys being constantly on the move.","5,6"
22,"Cry over spilled milk","To be upset or regretful about something that has already happened and cannot be changed.","Jack accidentally broke his mom's favorite vase, but she told him not to cry over spilled milk and reassured him that accidents happen.","1,2,3,4"
23,"All in the same boat","To be in the same situation or facing the same challenges.","Jenny and Sarah were both nervous about the upcoming math test. They realized that they were all in the same boat and decided to study together.","3,4,5,6"
24,"In the heat of the moment","Acting impulsively or making decisions without thinking carefully.","Sarah got angry and said hurtful things to her friend in the heat of the moment, but later she regretted it.","1,2,3,4,5,6"
25,"Cut to the chase","To get to the point or skip unnecessary details.","Jack was telling a long story, but his friends were getting impatient, so they asked him to cut to the chase.","1,2"
26,"In a nutshell","Summing up something in a concise and simple way.","Jenny explained her plan to her teacher in a nutshell, so that he could understand it quickly.","3,4"
27,"Down the drain","Wasted or lost completely.","Tom spent hours building a sandcastle, but when the tide came in, it washed it all down the drain.","5,6"
28,"On cloud nine","Feeling extremely happy or elated.","After winning the championship, Tim was on cloud nine and couldn't stop smiling.","1,2,3,4"
29,"Bite the bullet","To endure a difficult or unpleasant situation with bravery.","Jack was nervous about getting a shot, but he knew he had to bite the bullet and get it done.","3,4,5,6"
30,"Hit the nail on the head","To be exactly right or accurate.","Sarah guessed the correct answer to the riddle and her friend said, You hit the nail on the head!","1,2,3,4,5,6"
31,"Barking up the wrong tree","Accusing or blaming the wrong person or thing.","Jenny blamed her brother for eating her chocolate, but later she realized she was barking up the wrong tree when she found out it was her dog.","1,2"
32,"Face the music","To accept the consequences of one's actions.","Tom knew he had to face the music after breaking his mom's favorite vase and apologize for his mistake.","3,4"
33,"Spill the beans","To reveal a secret or share confidential information.","Tim couldn't keep the surprise party a secret and accidentally spilled the beans to his sister.","5,6"
34,"Raining cats and dogs","Raining heavily.","Jenny forgot her umbrella and got caught in the rain. It was raining cats and dogs, and she got soaking wet.","1,2,3,4"
35,"Kick the bucket","To die.","Sarah's pet hamster passed away, and she was sad because it had kicked the bucket.","3,4,5,6"
36,"Hold your horses","To wait patiently or calm down.","Jack was getting impatient while waiting for his turn, and his mom told him to hold his horses and wait his turn.","1,2,3,4,5,6"
37,"Blow your top","To lose one's temper or get very angry.","Tim got frustrated with his computer not working and blew his top, yelling in frustration.","1,2"
38,"Throw in the towel","To give up or admit defeat.","Jenny tried her best in the dance competition, but when she didn't make it to the finals, she decided to throw in the towel.","3,4"
39,"Make ends meet","To manage or survive with limited resources or income.","Tom's family was going through a tough financial situation, but they were able to make ends meet by budgeting carefully.","5,6"
40,"All ears","Listening attentively or being eager to hear something.","When Sarah heard that her favorite band was coming to town, she was all ears and couldn't wait to get tickets.","1,2,3,4"
41,"Eyes in the back of your head","Being very observant or aware of what's happening around you.","Tim's mom seemed to have eyes in the back of her head, as she always caught him when he tried to sneak a cookie from the jar.","3,4,5,6"
42,"Up in the air","Uncertain or undecided about something.","Jenny's plans for the weekend were still up in the air, as she couldn't decide whether to go camping or stay home.","1,2,3,4,5,6"
43,"Cry over spilled milk","To be upset or complain about something that has already happened and cannot be changed.","Tom was upset about losing his favorite toy, but his mom told him not to cry over spilled milk and helped him look for it instead.","1,2"
44,"Fish out of water","Feeling uncomfortable or out of place in a new or unfamiliar situation.","Sarah felt like a fish out of water at the new school, as she didn't know anyone and was shy.","3,4"
45,"The ball is in your court","It's someone's turn or responsibility to take action.","Jack's friend invited him to play basketball, and now the ball was in his court to respond and accept the invitation.","5,6"
46,"Jump the gun","To start or do something too early or before it's appropriate.","Tim was so excited about the surprise party that he accidentally jumped the gun and told his friend about it before it was supposed to be revealed.","1,2,3,4"
47,"Break the ice","To make a start or initiate a conversation in a new or awkward situation.","Jenny tried to break the ice with her new classmates by asking them about their favorite hobbies.","3,4,5,6"
48,"Throw a curveball","To surprise or challenge someone with something unexpected.","Tom's teacher threw a curveball by giving an impromptu quiz that he wasn't prepared for.","1,2,3,4,5,6"
49,"Actions speak louder than words","What you do is more significant than what you say.","Sarah promised to help her brother with his homework, but he was disappointed when her actions spoke louder than words and she didn't follow through.","1,2"
50,"A picture is worth a thousand words","A visual representation can convey a lot of meaning or information.","Jack showed his mom a drawing of his dream vacation spot, and she said, A picture is worth a thousand words. It looks beautiful!","3,4"
51,"Hit the road","To leave or start a journey.","Tim packed his bags and was ready to hit the road for his family vacation.","5,6"
52,"Come rain or shine","No matter what happens or the circumstances.","Jenny is determined to attend her soccer practice come rain or shine, even if it's raining heavily.","1,2,3,4"
53,"Let the cat out of the bag","To reveal a secret or confidential information unintentionally.","Tom accidentally let the cat out of the bag and revealed the surprise party plans to his sister.","3,4,5,6"
54,"Walking on thin ice","Being in a risky or precarious situation.","Sarah knew she was walking on thin ice by procrastinating on her school project, as the deadline was approaching fast.","1,2,3,4,5,6"